claim #,set #,independent/dependent,parent claim,scope summary,full claim language,status,risk flags,last-updated date
1,1,independent,,Broad pest-targeting method using video recognition and lethal means,draft,"drafted","112(f); prior-art risk","2026-09-03"
2,1,dependent,1,"Selective targeting of the pest","draft","drafted","112(b); enablement gap","2026-09-03"
3,1,dependent,1,"Selective delivery of a nonselective lethal means to the pest","draft","drafted","enablement gap","2026-09-03"
4,1,independent,,Mid-scope pest-control method bridging recognition and local population control,draft,"drafted","prior-art risk; written-description gap","2026-09-03"
20,1,independent,,Local feral pig population identification and selective poison administration,draft,"drafted","112(b); enablement gap; prior-art risk","2026-09-03"
21,1,dependent,20,"Use of audio recognition for local population identification","draft","drafted","written-description gap","2026-09-03"
22,1,dependent,20,"Use of video recognition for local population identification","draft","drafted","written-description gap","2026-09-03"
23,1,dependent,20,"Confirmation that all members of the local population are present before administration","draft","drafted","enablement gap","2026-09-03"
24,1,dependent,20,"Confidence threshold based population completeness determination","draft","drafted","112(b); enablement gap","2026-09-03"
25,1,dependent,20,"Temporal sampling and exclusion criteria for the local population","draft","drafted","enablement gap","2026-09-03"
26,1,dependent,20,"General poison administered selectively by schedule or delivery timing","draft","drafted","regulatory/deployment issue","2026-09-03"
27,1,dependent,20,"Nonselective toxicity combined with selective delivery to the identified population","draft","drafted","112(f); written-description gap","2026-09-03"
28,1,dependent,20,"Automatic trigger activation when local group is fully identified","draft","drafted","prior-art risk","2026-09-03"
29,1,dependent,1,"Sensor fusion of audio and video recognition","draft","drafted","enablement gap","2026-09-03"
30,1,dependent,4,"Recognition confidence threshold and false-positive suppression","draft","drafted","112(b)","2026-09-03"
31,1,dependent,4,"Failure-state handling when target identity is uncertain","draft","drafted","enablement gap","2026-09-03"
32,1,dependent,20,"Hardware or software architecture for detection and actuation","draft","drafted","112(b)","2026-09-03"
33,1,dependent,20,"Safety interlock or kill confirmation mechanism","draft","drafted","regulatory/deployment issue","2026-09-03"
34,1,dependent,20,"Deployment in agricultural or rural property environment","draft","drafted","regulatory/deployment issue","2026-09-03"
35,1,dependent,20,"Local population re-identification after missing animal detection","draft","drafted","enablement gap","2026-09-03"
36,1,dependent,20,"Exclusion of non-target animals and juvenile animals","draft","drafted","enablement gap","2026-09-03"
37,1,dependent,20,"Population estimate and local group identification workflow","draft","drafted","prior-art risk","2026-09-03"
38,1,dependent,20,"System that delays actuation until all cohort members are present","draft","drafted","written-description gap","2026-09-03"
39,1,dependent,20,"Real-time iteration of recognition and actuation logic","draft","drafted","enablement gap","2026-09-03"
40,1,dependent,4,"Deployment constraints for wildlife and pest control settings","draft","drafted","regulatory/deployment issue","2026-09-03"
